<?xml version="1.0" encoding="UTF-8"?>
<!DOCTYPE suite SYSTEM "https://testng.org/testng-1.0.dtd">
<suite name="Suite"> 

<!--listeners>
<listener class-name="com.listeners.TestListener"/>
</listeners-->

  <test thread-count="5" name="All_scenarios">
    <classes>
      <class name="com.test.user.All_scenarios"/>
    </classes>
  </test>
  
  <test thread-count="5" name="Responsive_tests">
    <classes>
      <class name="com.test.user.Responsive_scenarios"/>
    </classes>
  </test> 
  
  <test thread-count="5" name="Employment_scenarios">
    <classes>
      <class name="com.test.user.Employment_scenarios"/>
    </classes>
  </test> 
  
   <test thread-count="5" name="CareerOpportunities_scenarios">
    <classes>
      <class name="com.test.user.CareerOpportunities_scenarios"/>
    </classes>
  </test> 
  
     <test thread-count="5" name="Locations_scenarios">
    <classes>
      <class name="com.test.user.Locations_scenarios"/>
    </classes>
  </test>
  
  
   <test thread-count="5" name="ClubStudio_scenarios">
    <classes>
      <class name="com.test.user.ClubStudio_scenarios"/>
    </classes>
  </test>
  
  
  
   <test thread-count="5" name="Joinnow_CST_Scenarios">
    <classes>
      <class name="com.test.user.Joinnow_CST_Scenarios"/>
    </classes>
  </test>
  
  
   <test thread-count="5" name="Career_Opportunities_CSC_scenarios">
    <classes>
      <class name="com.test.user.Career_Opportunities_CSC_scenarios"/>
    </classes>
  </test>
  
  
     <test thread-count="5" name="ClubStudio_scenarios_1">
    <classes>
      <class name="com.test.user.ClubStudio_scenarios_1"/>
    </classes>
  </test>
  
    <test thread-count="5" name="ClubStudio_scenarios_2">
    <classes>
      <class name="com.test.user.ClubStudio_scenarios_2"/>
    </classes>
  </test>
  
   <!-- Test -->
</suite> <!-- Suite -->
